0.5v,3v,6v,9v,12v,15v,18v,21v,24.5v
0.27,2.47,5.62,8.69,11.67,14.65,17.65,20.73,23.27
0.32,2.61,5.66,8.72,11.72,14.67,17.7,20.75,23.63
0.32,2.64,5.71,8.72,11.82,14.7,17.72,20.85,23.8
0.37,2.73,5.71,8.76,11.82,14.77,17.72,20.9,23.85
0.37,2.76,5.81,8.79,11.84,14.77,17.72,20.9,23.88
0.37,2.76,5.81,8.79,11.84,14.79,17.77,20.92,23.9
0.37,2.76,5.81,8.81,11.84,14.79,17.8,20.95,23.9
0.37,2.78,5.83,8.81,11.84,14.84,17.8,20.95,23.93
0.37,2.78,5.83,8.81,11.84,14.87,17.8,20.97,23.93
0.37,2.78,5.83,8.81,11.84,14.87,17.87,20.97,23.93
0.39,2.81,5.83,8.81,11.87,14.87,17.87,20.97,23.93
0.39,2.83,5.86,8.81,11.87,14.87,17.87,20.97,23.93
0.39,2.83,5.86,8.81,11.87,14.87,17.9,20.97,23.93
0.39,2.83,5.86,8.81,11.87,14.87,17.9,20.97,23.93
0.39,2.83,5.86,8.84,11.87,14.87,17.9,21.0,23.95
0.39,2.83,5.86,8.84,11.87,14.89,17.9,21.0,23.95
0.39,2.86,5.86,8.84,11.87,14.89,17.9,21.0,23.95
0.39,2.86,5.86,8.84,11.89,14.89,17.9,21.0,23.95
0.39,2.86,5.86,8.84,11.89,14.89,17.92,21.0,23.95
0.39,2.86,5.86,8.84,11.89,14.89,17.92,21.0,23.95
0.39,2.86,5.88,8.86,11.89,14.89,17.92,21.02,23.95
0.39,2.86,5.88,8.86,11.89,14.92,17.92,21.02,23.95
0.39,2.88,5.88,8.86,11.89,14.92,17.92,21.02,23.95
0.39,2.88,5.88,8.86,11.89,14.92,17.92,21.02,23.95
0.39,2.88,5.88,8.86,11.89,14.92,17.94,21.02,23.95
0.39,2.88,5.88,8.86,11.89,14.92,17.94,21.02,23.95
0.39,2.88,5.88,8.86,11.89,14.92,17.94,21.02,23.95
0.39,2.88,5.88,8.86,11.89,14.92,17.94,21.02,23.95
0.39,2.88,5.88,8.86,11.91,14.92,17.94,21.04,23.95
0.39,2.88,5.88,8.86,11.91,14.94,17.94,21.04,23.95
0.39,2.88,5.88,8.89,11.91,14.94,17.94,21.04,23.95
0.39,2.88,5.88,8.89,11.91,14.94,17.94,21.04,23.95
0.39,2.88,5.91,8.89,11.91,14.94,17.94,21.04,23.95
0.39,2.91,5.91,8.89,11.91,14.94,17.97,21.04,23.95
0.39,2.91,5.91,8.89,11.91,14.94,17.97,21.04,23.95
0.39,2.91,5.91,8.89,11.91,14.94,17.97,21.04,23.95
0.39,2.91,5.91,8.89,11.91,14.94,17.97,21.04,23.97
0.39,2.91,5.91,8.89,11.91,14.94,17.97,21.04,23.97
0.39,2.91,5.91,8.91,11.91,14.94,17.97,21.04,23.97
0.39,2.91,5.91,8.91,11.94,14.94,17.97,21.04,23.97
0.39,2.91,5.91,8.91,11.94,14.94,17.97,21.04,23.97
0.42,2.91,5.91,8.91,11.94,14.94,17.97,21.04,23.97
0.42,2.91,5.91,8.91,11.94,14.97,17.97,21.04,23.97
0.42,2.91,5.91,8.91,11.94,14.97,17.97,21.04,23.97
0.42,2.91,5.91,8.91,11.94,14.97,17.97,21.04,23.97
0.42,2.91,5.91,8.91,11.94,14.97,17.97,21.04,23.97
0.42,2.91,5.91,8.91,11.94,14.97,17.99,21.04,23.97
0.42,2.91,5.91,8.91,11.94,14.97,17.99,21.04,23.97
0.42,2.91,5.91,8.91,11.94,14.97,17.99,21.04,23.97
0.42,2.91,5.91,8.91,11.94,14.97,17.99,21.04,23.97
0.42,2.91,5.91,8.91,11.94,14.97,17.99,21.04,23.97
0.42,2.91,5.91,8.91,11.94,14.97,17.99,21.04,23.97
0.42,2.91,5.91,8.91,11.94,14.97,17.99,21.04,23.97
0.42,2.91,5.91,8.91,11.94,14.97,17.99,21.04,23.97
0.42,2.91,5.91,8.91,11.94,14.97,17.99,21.04,23.97
0.42,2.91,5.91,8.91,11.94,14.97,17.99,21.04,23.97
0.42,2.91,5.91,8.91,11.94,14.97,17.99,21.04,23.97
0.42,2.91,5.91,8.91,11.94,14.97,17.99,21.04,23.97
0.42,2.91,5.91,8.91,11.94,14.97,17.99,21.04,23.97
0.42,2.91,5.91,8.91,11.94,14.97,17.99,21.04,23.97
0.42,2.91,5.91,8.91,11.94,14.97,17.99,21.04,23.97
0.42,2.91,5.91,8.91,11.94,14.97,17.99,21.04,23.97
0.42,2.91,5.91,8.91,11.94,14.97,17.99,21.04,23.97
0.42,2.91,5.91,8.94,11.94,14.97,17.99,21.07,23.97
0.42,2.91,5.91,8.94,11.96,14.97,17.99,21.07,24.0
0.42,2.91,5.91,8.94,11.96,14.97,17.99,21.07,24.0
0.42,2.91,5.91,8.94,11.96,14.99,17.99,21.07,24.0
0.42,2.91,5.91,8.94,11.96,14.99,17.99,21.07,24.0
0.42,2.91,5.93,8.94,11.96,14.99,17.99,21.07,24.0
0.42,2.91,5.93,8.94,11.96,14.99,17.99,21.07,24.0
0.42,2.91,5.93,8.94,11.96,14.99,17.99,21.07,24.0
0.42,2.91,5.93,8.94,11.96,14.99,17.99,21.07,24.0
0.42,2.91,5.93,8.94,11.96,14.99,17.99,21.07,24.0
0.42,2.91,5.93,8.94,11.96,14.99,17.99,21.07,24.0
0.42,2.93,5.93,8.94,11.96,14.99,17.99,21.07,24.0
0.42,2.93,5.93,8.94,11.96,14.99,17.99,21.07,24.0
0.42,2.93,5.93,8.94,11.96,14.99,17.99,21.07,24.0
0.42,2.93,5.93,8.94,11.96,14.99,17.99,21.07,24.0
0.42,2.93,5.93,8.94,11.96,14.99,17.99,21.07,24.02
0.42,2.93,5.93,8.94,11.96,14.99,17.99,21.07,24.02
0.42,2.93,5.93,8.94,11.96,14.99,17.99,21.07,24.02
0.42,2.93,5.93,8.94,11.96,14.99,17.99,21.07,24.02
0.42,2.93,5.93,8.94,11.96,14.99,17.99,21.07,24.02
0.42,2.93,5.93,8.94,11.96,14.99,17.99,21.07,24.02
0.42,2.93,5.93,8.94,11.96,14.99,17.99,21.07,24.02
0.42,2.93,5.93,8.94,11.96,14.99,17.99,21.07,24.02
0.42,2.93,5.93,8.94,11.96,14.99,17.99,21.07,24.02
0.42,2.93,5.93,8.94,11.96,14.99,17.99,21.07,24.02
0.42,2.93,5.93,8.94,11.96,14.99,17.99,21.07,24.02
0.42,2.93,5.93,8.94,11.96,14.99,17.99,21.07,24.02
0.42,2.93,5.93,8.94,11.96,14.99,17.99,21.07,24.02
0.42,2.93,5.93,8.94,11.96,14.99,17.99,21.07,24.02
0.42,2.93,5.93,8.94,11.96,14.99,17.99,21.07,24.02
0.42,2.93,5.93,8.94,11.96,14.99,17.99,21.07,24.02
0.42,2.93,5.93,8.94,11.96,14.99,17.99,21.07,24.02
0.42,2.93,5.93,8.94,11.96,14.99,17.99,21.07,24.05
0.42,2.93,5.93,8.94,11.96,14.99,17.99,21.07,24.05
0.42,2.93,5.93,8.94,11.96,14.99,17.99,21.07,24.05
0.44,2.93,5.93,8.94,11.96,14.99,17.99,21.07,24.05
0.44,2.93,5.93,8.94,11.96,14.99,17.99,21.07,24.05
0.44,2.93,5.93,8.94,11.96,14.99,17.99,21.07,24.05
0.44,2.93,5.93,8.94,11.96,14.99,17.99,21.07,24.05
0.44,2.93,5.93,8.94,11.96,14.99,17.99,21.07,24.05
0.44,2.93,5.93,8.94,11.96,14.99,17.99,21.07,24.05
0.44,2.93,5.93,8.94,11.96,14.99,17.99,21.07,24.05
0.44,2.93,5.93,8.94,11.96,14.99,17.99,21.07,24.05
0.44,2.93,5.93,8.94,11.96,14.99,17.99,21.07,24.05
0.44,2.93,5.93,8.94,11.96,14.99,17.99,21.07,24.05
0.44,2.93,5.93,8.94,11.96,14.99,17.99,21.07,24.05
0.44,2.93,5.93,8.94,11.96,14.99,17.99,21.07,24.05
0.44,2.93,5.93,8.94,11.96,14.99,17.99,21.07,24.05
0.44,2.93,5.93,8.94,11.96,14.99,17.99,21.07,24.05
0.44,2.93,5.93,8.94,11.96,14.99,17.99,21.07,24.05
0.44,2.93,5.93,8.94,11.96,14.99,17.99,21.07,24.07
0.44,2.93,5.93,8.94,11.96,14.99,17.99,21.07,24.07
0.44,2.93,5.93,8.94,11.96,14.99,17.99,21.07,24.07
0.44,2.93,5.93,8.94,11.96,14.99,17.99,21.07,24.07
0.44,2.93,5.93,8.94,11.96,14.99,17.99,21.07,24.07
0.44,2.93,5.93,8.94,11.96,14.99,17.99,21.07,24.07
0.44,2.93,5.93,8.94,11.96,14.99,17.99,21.07,24.07
0.44,2.93,5.93,8.94,11.96,14.99,17.99,21.07,24.07
0.44,2.93,5.93,8.94,11.96,14.99,17.99,21.07,24.07
0.44,2.93,5.93,8.94,11.96,14.99,17.99,21.07,24.07
0.44,2.93,5.93,8.94,11.96,14.99,17.99,21.07,24.07
0.44,2.93,5.93,8.94,11.96,14.99,17.99,21.07,24.07
0.44,2.93,5.93,8.94,11.96,14.99,17.99,21.07,24.07
0.44,2.93,5.93,8.96,11.96,14.99,17.99,21.07,24.07
0.44,2.93,5.93,8.96,11.96,14.99,17.99,21.07,24.07
0.44,2.93,5.93,8.96,11.96,14.99,17.99,21.07,24.07
0.44,2.93,5.93,8.96,11.96,14.99,17.99,21.07,24.07
0.44,2.93,5.93,8.96,11.96,14.99,17.99,21.07,24.07
0.44,2.93,5.93,8.96,11.96,14.99,17.99,21.07,24.07
0.44,2.93,5.93,8.96,11.96,14.99,17.99,21.07,24.07
0.44,2.93,5.93,8.96,11.96,14.99,17.99,21.07,24.07
0.44,2.93,5.93,8.96,11.96,14.99,17.99,21.07,24.07
0.44,2.93,5.93,8.96,11.96,14.99,17.99,21.07,24.07
0.44,2.93,5.93,8.96,11.96,14.99,17.99,21.07,24.07
0.44,2.93,5.93,8.96,11.96,14.99,18.02,21.07,24.07
0.44,2.93,5.93,8.96,11.96,14.99,18.02,21.07,24.1
0.44,2.93,5.93,8.96,11.96,14.99,18.02,21.07,24.1
0.44,2.93,5.93,8.96,11.96,14.99,18.02,21.07,24.1
0.44,2.93,5.93,8.96,11.96,14.99,18.02,21.07,24.1
0.44,2.93,5.93,8.96,11.96,14.99,18.02,21.07,24.1
0.44,2.93,5.93,8.96,11.96,14.99,18.02,21.07,24.1
0.44,2.93,5.93,8.96,11.96,14.99,18.02,21.07,24.1
0.44,2.93,5.93,8.96,11.96,14.99,18.02,21.07,24.1
0.44,2.93,5.93,8.96,11.96,14.99,18.02,21.07,24.1
0.44,2.93,5.93,8.96,11.96,14.99,18.02,21.07,24.1
0.44,2.93,5.93,8.96,11.96,14.99,18.02,21.07,24.1
0.44,2.93,5.93,8.96,11.96,14.99,18.02,21.07,24.1
0.44,2.93,5.93,8.96,11.96,14.99,18.02,21.07,24.1
0.44,2.93,5.93,8.96,11.96,14.99,18.02,21.07,24.1
0.44,2.93,5.93,8.96,11.96,14.99,18.02,21.07,24.1
0.44,2.93,5.93,8.96,11.96,14.99,18.02,21.07,24.1
0.44,2.93,5.93,8.96,11.96,14.99,18.02,21.07,24.1
0.44,2.93,5.93,8.96,11.96,14.99,18.02,21.07,24.1
0.44,2.93,5.93,8.96,11.96,14.99,18.02,21.07,24.1
0.44,2.93,5.93,8.96,11.96,14.99,18.02,21.07,24.1
0.44,2.93,5.93,8.96,11.96,14.99,18.02,21.07,24.1
0.44,2.93,5.93,8.96,11.96,14.99,18.02,21.07,24.1
0.44,2.93,5.93,8.96,11.96,14.99,18.02,21.07,24.1
0.44,2.93,5.93,8.96,11.96,14.99,18.02,21.07,24.1
0.44,2.93,5.93,8.96,11.96,14.99,18.02,21.07,24.12
0.44,2.93,5.93,8.96,11.96,14.99,18.02,21.07,24.12
0.44,2.93,5.93,8.96,11.96,14.99,18.02,21.07,24.12
0.44,2.93,5.93,8.96,11.96,14.99,18.02,21.07,24.12
0.44,2.95,5.93,8.96,11.96,14.99,18.02,21.07,24.12
0.44,2.95,5.93,8.96,11.96,14.99,18.02,21.07,24.12
0.44,2.95,5.93,8.96,11.96,14.99,18.02,21.07,24.12
0.44,2.95,5.93,8.96,11.96,14.99,18.02,21.07,24.12
0.44,2.95,5.93,8.96,11.96,14.99,18.02,21.07,24.12
0.44,2.95,5.93,8.96,11.96,14.99,18.02,21.07,24.12
0.44,2.95,5.93,8.96,11.96,14.99,18.02,21.07,24.12
0.44,2.95,5.93,8.96,11.96,14.99,18.02,21.07,24.12
0.44,2.95,5.93,8.96,11.96,14.99,18.02,21.07,24.12
0.44,2.95,5.93,8.96,11.96,14.99,18.02,21.07,24.12
0.44,2.95,5.93,8.96,11.96,14.99,18.02,21.07,24.12
0.44,2.95,5.93,8.96,11.96,14.99,18.02,21.07,24.12
0.44,2.95,5.93,8.96,11.96,14.99,18.02,21.07,24.12
0.44,2.95,5.93,8.96,11.96,14.99,18.02,21.07,24.12
0.44,2.95,5.93,8.96,11.96,14.99,18.02,21.07,24.12
0.44,2.95,5.93,8.96,11.96,14.99,18.02,21.07,24.12
0.44,2.95,5.93,8.96,11.96,14.99,18.02,21.07,24.12
0.44,2.95,5.93,8.96,11.96,14.99,18.02,21.07,24.12
0.44,2.95,5.93,8.96,11.96,14.99,18.02,21.07,24.12
0.44,2.95,5.93,8.96,11.96,14.99,18.02,21.07,24.12
0.44,2.95,5.93,8.96,11.96,14.99,18.02,21.07,24.15
0.44,2.95,5.93,8.96,11.96,14.99,18.02,21.07,24.15
0.44,2.95,5.96,8.96,11.96,14.99,18.02,21.07,24.15
0.44,2.95,5.96,8.96,11.99,14.99,18.02,21.07,24.15
0.44,2.95,5.96,8.96,11.99,14.99,18.02,21.07,24.15
0.44,2.95,5.96,8.96,11.99,14.99,18.02,21.07,24.15
0.44,2.95,5.96,8.96,11.99,14.99,18.02,21.07,24.15
0.44,2.95,5.96,8.96,11.99,14.99,18.02,21.07,24.15
0.44,2.95,5.96,8.96,11.99,14.99,18.02,21.07,24.15
0.44,2.95,5.96,8.96,11.99,14.99,18.02,21.07,24.15
0.44,2.95,5.96,8.96,11.99,14.99,18.02,21.07,24.15
0.44,2.95,5.96,8.96,11.99,14.99,18.02,21.07,24.15
0.44,2.95,5.96,8.96,11.99,14.99,18.02,21.07,24.15
0.44,2.95,5.96,8.96,11.99,14.99,18.02,21.07,24.15
0.44,2.95,5.96,8.96,11.99,14.99,18.02,21.07,24.17
0.44,2.95,5.96,8.96,11.99,14.99,18.02,21.07,24.17
0.44,2.95,5.96,8.96,11.99,14.99,18.02,21.07,24.17
0.44,2.95,5.96,8.96,11.99,14.99,18.02,21.07,24.17
0.44,2.95,5.96,8.96,11.99,14.99,18.02,21.07,24.17
0.44,2.95,5.96,8.96,11.99,14.99,18.02,21.07,24.17
0.44,2.95,5.96,8.96,11.99,15.01,18.02,21.07,24.17
0.44,2.95,5.96,8.96,11.99,15.01,18.02,21.07,24.17
0.44,2.95,5.96,8.96,11.99,15.01,18.02,21.07,24.17
0.44,2.95,5.96,8.96,11.99,15.01,18.02,21.07,24.17
0.44,2.95,5.96,8.96,11.99,15.01,18.02,21.07,24.17
0.44,2.95,5.96,8.96,11.99,15.01,18.02,21.07,24.17
0.44,2.95,5.96,8.96,11.99,15.01,18.02,21.07,24.17
0.46,2.95,5.96,8.96,11.99,15.01,18.02,21.07,24.17
0.46,2.95,5.96,8.96,11.99,15.01,18.02,21.07,24.17
0.46,2.95,5.96,8.96,11.99,15.01,18.02,21.07,24.17
0.46,2.95,5.96,8.96,11.99,15.01,18.02,21.07,24.17
0.46,2.95,5.96,8.96,11.99,15.01,18.02,21.07,24.19
0.46,2.95,5.96,8.96,11.99,15.01,18.02,21.07,24.19
0.46,2.95,5.96,8.96,11.99,15.01,18.02,21.07,24.19
0.46,2.95,5.96,8.96,11.99,15.01,18.02,21.07,24.19
0.46,2.95,5.96,8.96,11.99,15.01,18.02,21.07,24.19
0.46,2.95,5.96,8.96,11.99,15.01,18.02,21.07,24.19
0.46,2.95,5.96,8.96,11.99,15.01,18.02,21.07,24.19
0.46,2.95,5.96,8.96,11.99,15.01,18.02,21.07,24.19
0.46,2.95,5.96,8.96,11.99,15.01,18.02,21.07,24.19
0.46,2.95,5.96,8.96,11.99,15.01,18.02,21.07,24.19
0.46,2.95,5.96,8.96,11.99,15.01,18.02,21.07,24.19
0.46,2.95,5.96,8.96,11.99,15.01,18.02,21.09,24.22
0.46,2.95,5.96,8.96,11.99,15.01,18.02,21.09,24.22
0.46,2.95,5.96,8.96,11.99,15.01,18.02,21.09,24.22
0.46,2.95,5.96,8.96,11.99,15.01,18.02,21.09,24.22
0.46,2.95,5.96,8.96,11.99,15.01,18.02,21.09,24.22
0.46,2.95,5.96,8.96,11.99,15.01,18.02,21.09,24.22
0.46,2.95,5.96,8.96,11.99,15.01,18.02,21.09,24.22
0.46,2.95,5.96,8.96,11.99,15.01,18.02,21.09,24.22
0.46,2.95,5.96,8.96,11.99,15.01,18.02,21.09,24.22
0.46,2.95,5.96,8.96,11.99,15.01,18.02,21.09,24.22
0.46,2.95,5.96,8.96,11.99,15.01,18.02,21.09,24.22
0.46,2.95,5.96,8.96,11.99,15.01,18.02,21.09,24.22
0.46,2.95,5.96,8.96,11.99,15.01,18.02,21.09,24.22
0.46,2.95,5.96,8.96,11.99,15.01,18.02,21.09,24.22
0.46,2.95,5.96,8.96,11.99,15.01,18.02,21.09,24.22
0.46,2.95,5.96,8.96,11.99,15.01,18.02,21.09,24.22
0.46,2.95,5.96,8.96,11.99,15.01,18.02,21.09,24.22
0.46,2.95,5.96,8.96,11.99,15.01,18.02,21.09,24.22
0.46,2.95,5.96,8.96,11.99,15.01,18.02,21.09,24.22
0.46,2.95,5.96,8.96,11.99,15.01,18.02,21.09,24.22
0.46,2.95,5.96,8.96,11.99,15.01,18.02,21.09,24.22
0.46,2.95,5.96,8.96,11.99,15.01,18.02,21.09,24.22
0.46,2.95,5.96,8.96,11.99,15.01,18.02,21.09,24.22
0.46,2.98,5.96,8.96,11.99,15.01,18.02,21.09,24.22
0.46,2.98,5.96,8.96,11.99,15.01,18.02,21.09,24.22
0.46,2.98,5.96,8.96,11.99,15.01,18.02,21.09,24.22
0.46,2.98,5.96,8.96,11.99,15.01,18.02,21.09,24.22
0.46,2.98,5.96,8.96,11.99,15.01,18.02,21.09,24.22
0.46,2.98,5.96,8.96,11.99,15.01,18.02,21.09,24.22
0.46,2.98,5.96,8.96,11.99,15.01,18.02,21.09,24.24
0.46,2.98,5.96,8.96,11.99,15.01,18.02,21.09,24.24
0.46,2.98,5.96,8.96,11.99,15.01,18.02,21.09,24.24
0.46,2.98,5.96,8.96,11.99,15.01,18.02,21.09,24.24
0.46,2.98,5.96,8.96,11.99,15.01,18.02,21.09,24.24
0.46,2.98,5.96,8.96,11.99,15.01,18.02,21.09,24.24
0.46,2.98,5.96,8.96,11.99,15.01,18.02,21.09,24.24
0.46,2.98,5.96,8.96,11.99,15.01,18.02,21.09,24.24
0.46,2.98,5.96,8.96,11.99,15.01,18.02,21.09,24.24
0.46,2.98,5.96,8.96,11.99,15.01,18.02,21.09,24.24
0.46,2.98,5.96,8.96,11.99,15.01,18.02,21.09,24.24
0.46,2.98,5.96,8.96,11.99,15.01,18.02,21.09,24.24
0.46,2.98,5.96,8.96,11.99,15.01,18.02,21.09,24.24
0.46,2.98,5.96,8.96,11.99,15.01,18.02,21.09,24.24
0.46,2.98,5.96,8.96,11.99,15.01,18.02,21.09,24.24
0.46,2.98,5.96,8.96,11.99,15.01,18.02,21.09,24.27
0.46,2.98,5.96,8.96,11.99,15.01,18.02,21.09,24.27
0.46,2.98,5.96,8.96,11.99,15.01,18.02,21.09,24.27
0.46,2.98,5.96,8.96,11.99,15.01,18.02,21.09,24.27
0.46,2.98,5.96,8.96,11.99,15.01,18.02,21.09,24.27
0.46,2.98,5.96,8.96,11.99,15.01,18.02,21.09,24.27
0.46,2.98,5.96,8.96,11.99,15.01,18.02,21.09,24.27
0.46,2.98,5.96,8.96,11.99,15.01,18.02,21.09,24.27
0.46,2.98,5.96,8.96,11.99,15.01,18.02,21.09,24.27
0.46,2.98,5.96,8.96,11.99,15.01,18.02,21.09,24.27
0.46,2.98,5.96,8.96,11.99,15.01,18.02,21.09,24.27
0.46,2.98,5.96,8.96,11.99,15.01,18.02,21.09,24.27
0.46,2.98,5.96,8.96,11.99,15.01,18.02,21.09,24.27
0.46,2.98,5.96,8.96,11.99,15.01,18.02,21.09,24.27
0.46,2.98,5.96,8.96,11.99,15.01,18.02,21.09,24.27
0.46,2.98,5.96,8.96,11.99,15.01,18.02,21.09,24.27
0.46,2.98,5.96,8.96,11.99,15.01,18.02,21.09,24.27
0.46,2.98,5.96,8.96,11.99,15.01,18.02,21.09,24.27
0.46,2.98,5.96,8.96,11.99,15.01,18.02,21.09,24.29
0.46,2.98,5.96,8.96,11.99,15.01,18.02,21.09,24.29
0.46,2.98,5.96,8.96,11.99,15.01,18.02,21.09,24.29
0.46,2.98,5.96,8.96,11.99,15.01,18.02,21.09,24.29
0.46,2.98,5.96,8.96,11.99,15.01,18.02,21.09,24.29
0.46,2.98,5.96,8.96,11.99,15.01,18.02,21.09,24.29
0.46,2.98,5.96,8.96,11.99,15.01,18.02,21.09,24.29
0.46,2.98,5.96,8.96,11.99,15.01,18.02,21.09,24.29
0.46,2.98,5.96,8.96,11.99,15.01,18.02,21.09,24.29
0.46,2.98,5.96,8.96,11.99,15.01,18.02,21.09,24.29
0.46,2.98,5.96,8.96,11.99,15.01,18.02,21.09,24.29
0.46,2.98,5.96,8.96,11.99,15.01,18.02,21.09,24.29
0.46,2.98,5.96,8.96,11.99,15.01,18.02,21.09,24.29
0.46,2.98,5.96,8.96,11.99,15.01,18.02,21.09,24.29
0.46,2.98,5.96,8.96,11.99,15.01,18.02,21.09,24.29
0.46,2.98,5.96,8.96,11.99,15.01,18.02,21.09,24.29
0.46,2.98,5.96,8.96,11.99,15.01,18.02,21.09,24.32
0.46,2.98,5.96,8.96,11.99,15.01,18.02,21.09,24.32
0.46,2.98,5.96,8.96,11.99,15.01,18.02,21.09,24.32
0.46,2.98,5.96,8.96,11.99,15.01,18.02,21.09,24.32
0.46,2.98,5.96,8.96,11.99,15.01,18.02,21.09,24.32
0.46,2.98,5.96,8.96,11.99,15.01,18.02,21.09,24.32
0.46,2.98,5.96,8.96,11.99,15.01,18.02,21.09,24.32
0.46,2.98,5.96,8.96,11.99,15.01,18.02,21.09,24.32
0.46,2.98,5.96,8.96,11.99,15.01,18.02,21.09,24.32
0.46,2.98,5.96,8.96,11.99,15.01,18.02,21.09,24.32
0.46,2.98,5.96,8.96,11.99,15.01,18.02,21.09,24.32
0.46,2.98,5.96,8.96,11.99,15.01,18.02,21.09,24.32
0.46,2.98,5.96,8.96,11.99,15.01,18.02,21.09,24.32
0.46,2.98,5.96,8.96,11.99,15.01,18.02,21.09,24.32
0.46,2.98,5.96,8.96,11.99,15.01,18.02,21.09,24.32
0.46,2.98,5.96,8.96,11.99,15.01,18.02,21.09,24.32
0.46,2.98,5.96,8.96,11.99,15.01,18.02,21.09,24.32
0.46,2.98,5.96,8.96,11.99,15.01,18.02,21.09,24.32
0.46,2.98,5.96,8.96,11.99,15.01,18.02,21.09,24.34
0.46,2.98,5.96,8.96,11.99,15.01,18.02,21.09,24.34
0.46,2.98,5.96,8.96,11.99,15.01,18.02,21.09,24.34
0.46,2.98,5.96,8.96,11.99,15.01,18.02,21.09,24.34
0.46,2.98,5.96,8.96,11.99,15.01,18.02,21.09,24.34
0.46,2.98,5.96,8.96,11.99,15.01,18.02,21.09,24.34
0.46,2.98,5.96,8.96,11.99,15.01,18.02,21.09,24.34
0.46,2.98,5.96,8.96,11.99,15.01,18.02,21.09,24.34
0.46,2.98,5.96,8.96,11.99,15.01,18.02,21.09,24.34
0.46,2.98,5.96,8.96,11.99,15.01,18.02,21.09,24.34
0.46,2.98,5.96,8.96,11.99,15.01,18.02,21.09,24.34
0.46,2.98,5.96,8.96,11.99,15.01,18.02,21.09,24.34
0.46,2.98,5.96,8.96,11.99,15.01,18.02,21.09,24.34
0.46,2.98,5.96,8.96,11.99,15.01,18.02,21.09,24.34
0.46,2.98,5.96,8.96,11.99,15.01,18.02,21.09,24.34
0.46,2.98,5.96,8.96,11.99,15.01,18.02,21.09,24.34
0.46,2.98,5.96,8.96,11.99,15.01,18.02,21.09,24.34
0.46,2.98,5.96,8.96,11.99,15.01,18.02,21.09,24.34
0.46,2.98,5.96,8.96,11.99,15.01,18.02,21.09,24.34
0.46,2.98,5.96,8.96,11.99,15.01,18.02,21.09,24.34
0.46,2.98,5.96,8.96,11.99,15.01,18.02,21.09,24.34
0.46,2.98,5.96,8.96,11.99,15.01,18.02,21.09,24.34
0.46,2.98,5.96,8.96,11.99,15.01,18.02,21.09,24.34
0.46,2.98,5.96,8.96,11.99,15.01,18.02,21.09,24.34
0.46,2.98,5.96,8.96,11.99,15.01,18.02,21.09,24.34
0.46,2.98,5.96,8.96,11.99,15.01,18.02,21.09,24.34
0.46,2.98,5.96,8.96,11.99,15.01,18.02,21.09,24.37
0.46,2.98,5.96,8.96,11.99,15.01,18.02,21.09,24.37
0.46,2.98,5.96,8.96,11.99,15.01,18.02,21.09,24.37
0.46,2.98,5.96,8.96,11.99,15.01,18.02,21.09,24.37
0.46,2.98,5.96,8.96,11.99,15.01,18.02,21.09,24.37
0.46,2.98,5.96,8.96,11.99,15.01,18.02,21.09,24.37
0.46,2.98,5.96,8.96,11.99,15.01,18.02,21.09,24.37
0.46,2.98,5.96,8.96,11.99,15.01,18.02,21.09,24.37
0.46,2.98,5.96,8.96,11.99,15.01,18.02,21.09,24.37
0.46,2.98,5.96,8.96,11.99,15.01,18.02,21.09,24.37
0.46,2.98,5.96,8.96,11.99,15.01,18.02,21.09,24.37
0.46,2.98,5.96,8.96,11.99,15.01,18.02,21.09,24.37
0.46,2.98,5.96,8.96,11.99,15.01,18.02,21.09,24.37
0.46,2.98,5.96,8.96,11.99,15.01,18.02,21.09,24.37
0.46,2.98,5.96,8.96,11.99,15.01,18.02,21.09,24.37
0.46,2.98,5.96,8.96,11.99,15.01,18.02,21.09,24.37
0.46,2.98,5.96,8.96,11.99,15.01,18.02,21.09,24.37
0.46,2.98,5.96,8.96,11.99,15.01,18.02,21.09,24.39
0.46,2.98,5.96,8.96,11.99,15.01,18.02,21.09,24.39
0.46,2.98,5.96,8.96,11.99,15.01,18.02,21.09,24.39
0.46,2.98,5.96,8.96,11.99,15.01,18.02,21.09,24.39
0.46,2.98,5.96,8.96,11.99,15.01,18.02,21.09,24.39
0.46,2.98,5.96,8.96,11.99,15.01,18.02,21.09,24.39
0.46,2.98,5.96,8.96,11.99,15.01,18.02,21.09,24.39
0.46,2.98,5.96,8.96,11.99,15.01,18.02,21.09,24.39
0.46,2.98,5.96,8.96,11.99,15.01,18.02,21.09,24.39
0.46,2.98,5.96,8.96,11.99,15.01,18.02,21.09,24.39
0.46,2.98,5.96,8.96,11.99,15.01,18.02,21.09,24.39
0.46,2.98,5.96,8.96,11.99,15.01,18.04,21.09,24.39
0.46,2.98,5.96,8.96,11.99,15.01,18.04,21.09,24.39
0.46,2.98,5.96,8.96,11.99,15.01,18.04,21.09,24.39
0.46,2.98,5.96,8.96,11.99,15.01,18.04,21.09,24.39
0.46,2.98,5.96,8.96,11.99,15.01,18.04,21.09,24.39
0.46,2.98,5.96,8.96,11.99,15.01,18.04,21.09,24.41
0.46,2.98,5.96,8.96,11.99,15.01,18.04,21.09,24.41
0.46,2.98,5.96,8.96,11.99,15.01,18.04,21.09,24.41
0.46,2.98,5.96,8.96,11.99,15.01,18.04,21.09,24.41
0.46,2.98,5.96,8.96,11.99,15.01,18.04,21.09,24.41
0.46,2.98,5.96,8.96,11.99,15.01,18.04,21.09,24.41
0.46,2.98,5.96,8.96,11.99,15.01,18.04,21.09,24.41
0.46,2.98,5.96,8.96,11.99,15.01,18.04,21.09,24.41
0.46,2.98,5.96,8.96,11.99,15.01,18.04,21.09,24.41
0.46,2.98,5.96,8.96,11.99,15.01,18.04,21.09,24.41
0.46,2.98,5.96,8.96,11.99,15.01,18.04,21.09,24.41
0.46,2.98,5.96,8.96,11.99,15.01,18.04,21.09,24.41
0.46,2.98,5.96,8.96,11.99,15.01,18.04,21.09,24.44
0.46,2.98,5.96,8.96,11.99,15.01,18.04,21.09,24.44
0.46,2.98,5.96,8.96,11.99,15.01,18.04,21.09,24.44
0.46,2.98,5.96,8.96,11.99,15.01,18.04,21.09,24.44
0.46,2.98,5.96,8.96,11.99,15.01,18.04,21.09,24.44
0.46,2.98,5.96,8.96,11.99,15.01,18.04,21.09,24.44
0.46,2.98,5.96,8.96,11.99,15.01,18.04,21.09,24.44
0.46,2.98,5.96,8.96,11.99,15.01,18.04,21.09,24.44
0.46,2.98,5.96,8.96,11.99,15.01,18.04,21.09,24.44
0.46,2.98,5.96,8.96,11.99,15.01,18.04,21.09,24.44
0.46,2.98,5.96,8.96,11.99,15.01,18.04,21.09,24.44
0.46,2.98,5.96,8.96,11.99,15.01,18.04,21.09,24.44
0.46,2.98,5.96,8.96,11.99,15.01,18.04,21.09,24.44
0.46,2.98,5.96,8.96,11.99,15.01,18.04,21.09,24.44
0.46,2.98,5.96,8.96,11.99,15.01,18.04,21.09,24.44
0.46,2.98,5.96,8.96,11.99,15.01,18.04,21.09,24.46
0.46,2.98,5.96,8.96,11.99,15.01,18.04,21.09,24.46
0.46,2.98,5.96,8.96,11.99,15.01,18.04,21.09,24.46
0.46,2.98,5.96,8.96,11.99,15.01,18.04,21.09,24.46
0.46,2.98,5.96,8.96,11.99,15.01,18.04,21.09,24.46
0.46,2.98,5.96,8.96,11.99,15.01,18.04,21.09,24.46
0.46,2.98,5.96,8.96,11.99,15.01,18.04,21.09,24.46
0.46,2.98,5.96,8.96,11.99,15.01,18.04,21.09,24.46
0.46,2.98,5.96,8.96,11.99,15.01,18.04,21.09,24.46
0.46,2.98,5.96,8.96,11.99,15.01,18.04,21.09,24.46
0.46,2.98,5.96,8.96,11.99,15.01,18.04,21.09,24.46
0.46,2.98,5.96,8.96,11.99,15.01,18.04,21.09,24.46
0.46,2.98,5.96,8.96,11.99,15.01,18.04,21.09,24.46
0.46,2.98,5.96,8.96,11.99,15.01,18.04,21.09,24.46
0.46,2.98,5.96,8.96,11.99,15.01,18.04,21.09,24.46
0.46,2.98,5.96,8.96,11.99,15.01,18.04,21.09,24.46
0.46,2.98,5.96,8.96,11.99,15.01,18.04,21.09,24.46
0.46,2.98,5.96,8.96,11.99,15.01,18.04,21.09,24.46
0.46,2.98,5.96,8.96,11.99,15.01,18.04,21.09,24.46
0.46,2.98,5.96,8.96,11.99,15.01,18.04,21.09,24.49
0.46,2.98,5.96,8.96,11.99,15.01,18.04,21.09,24.49
0.46,2.98,5.96,8.96,11.99,15.01,18.04,21.09,24.49
0.46,2.98,5.96,8.96,11.99,15.01,18.04,21.09,24.49
0.46,2.98,5.96,8.96,11.99,15.01,18.04,21.09,24.49
0.46,2.98,5.96,8.96,11.99,15.01,18.04,21.09,24.49
0.46,2.98,5.96,8.96,11.99,15.01,18.04,21.09,24.49
0.46,2.98,5.96,8.96,11.99,15.01,18.04,21.09,24.49
0.46,2.98,5.96,8.96,11.99,15.01,18.04,21.09,24.49
0.46,2.98,5.96,8.98,11.99,15.01,18.04,21.09,24.49
0.46,2.98,5.96,8.98,11.99,15.01,18.04,21.09,24.49
0.46,2.98,5.96,8.98,11.99,15.01,18.04,21.09,24.49
0.46,2.98,5.96,8.98,11.99,15.01,18.04,21.09,24.49
0.46,2.98,5.96,8.98,11.99,15.01,18.04,21.09,24.51
0.46,2.98,5.96,8.98,11.99,15.01,18.04,21.09,24.51
0.46,2.98,5.96,8.98,11.99,15.01,18.04,21.09,24.51
0.46,2.98,5.96,8.98,11.99,15.01,18.04,21.09,24.51
0.46,2.98,5.96,8.98,11.99,15.01,18.04,21.09,24.51
0.46,2.98,5.96,8.98,11.99,15.01,18.04,21.09,24.51
0.46,2.98,5.96,8.98,11.99,15.01,18.04,21.09,24.51
0.46,2.98,5.96,8.98,11.99,15.01,18.04,21.09,24.51
0.46,2.98,5.96,8.98,11.99,15.01,18.04,21.09,24.51
0.46,2.98,5.96,8.98,11.99,15.01,18.04,21.09,24.51
0.46,2.98,5.96,8.98,11.99,15.01,18.04,21.09,24.51
0.46,2.98,5.96,8.98,11.99,15.01,18.04,21.09,24.51
0.49,2.98,5.96,8.98,11.99,15.01,18.04,21.09,24.51
0.49,2.98,5.96,8.98,11.99,15.01,18.04,21.09,24.51
0.49,2.98,5.96,8.98,11.99,15.01,18.04,21.09,24.51
0.49,2.98,5.96,8.98,11.99,15.01,18.04,21.09,24.54
0.49,2.98,5.96,8.98,11.99,15.01,18.04,21.09,24.54
0.49,2.98,5.96,8.98,11.99,15.01,18.04,21.09,24.54
0.49,2.98,5.96,8.98,11.99,15.01,18.04,21.09,24.54
0.49,2.98,5.96,8.98,11.99,15.01,18.04,21.09,24.54
0.49,2.98,5.96,8.98,11.99,15.01,18.04,21.09,24.54
0.49,2.98,5.96,8.98,11.99,15.01,18.04,21.09,24.54
0.49,2.98,5.96,8.98,11.99,15.01,18.04,21.09,24.54
0.49,2.98,5.96,8.98,11.99,15.01,18.04,21.12,24.54
0.49,2.98,5.96,8.98,11.99,15.01,18.04,21.12,24.54
0.49,2.98,5.96,8.98,11.99,15.01,18.04,21.12,24.54
0.49,2.98,5.96,8.98,11.99,15.01,18.04,21.12,24.54
0.49,2.98,5.96,8.98,11.99,15.01,18.04,21.12,24.54
0.49,2.98,5.96,8.98,11.99,15.01,18.04,21.12,24.54
0.49,2.98,5.98,8.98,11.99,15.01,18.04,21.12,24.54
0.49,2.98,5.98,8.98,11.99,15.01,18.04,21.12,24.54
0.49,2.98,5.98,8.98,11.99,15.01,18.04,21.12,24.54
0.49,2.98,5.98,8.98,11.99,15.01,18.04,21.12,24.54
0.49,2.98,5.98,8.98,11.99,15.01,18.04,21.12,24.54
0.49,2.98,5.98,8.98,11.99,15.01,18.04,21.12,24.56
0.49,2.98,5.98,8.98,11.99,15.01,18.04,21.12,24.56
0.49,2.98,5.98,8.98,11.99,15.01,18.04,21.12,24.56
0.49,2.98,5.98,8.98,11.99,15.01,18.04,21.12,24.56
0.49,2.98,5.98,8.98,11.99,15.01,18.04,21.12,24.56
0.49,2.98,5.98,8.98,11.99,15.01,18.04,21.12,24.56
0.49,2.98,5.98,8.98,11.99,15.01,18.04,21.12,24.56
0.49,2.98,5.98,8.98,11.99,15.01,18.04,21.12,24.56
0.49,2.98,5.98,8.98,11.99,15.01,18.04,21.12,24.56
0.49,2.98,5.98,8.98,11.99,15.01,18.04,21.12,24.56
0.49,2.98,5.98,8.98,11.99,15.01,18.04,21.12,24.56
0.49,2.98,5.98,8.98,11.99,15.01,18.04,21.12,24.56
0.49,2.98,5.98,8.98,11.99,15.01,18.04,21.12,24.56
0.49,2.98,5.98,8.98,11.99,15.01,18.04,21.12,24.56
0.49,2.98,5.98,8.98,11.99,15.01,18.04,21.12,24.56
0.49,2.98,5.98,8.98,11.99,15.01,18.04,21.12,24.56
0.49,2.98,5.98,8.98,11.99,15.01,18.04,21.12,24.56
0.49,2.98,5.98,8.98,11.99,15.01,18.04,21.12,24.56
0.49,2.98,5.98,8.98,11.99,15.01,18.04,21.12,24.56
0.49,2.98,5.98,8.98,11.99,15.01,18.04,21.12,24.56
0.49,2.98,5.98,8.98,11.99,15.01,18.04,21.12,24.58
0.49,2.98,5.98,8.98,11.99,15.01,18.04,21.12,24.58
0.49,2.98,5.98,8.98,11.99,15.01,18.04,21.12,24.58
0.49,2.98,5.98,8.98,11.99,15.04,18.04,21.12,24.58
0.49,2.98,5.98,8.98,11.99,15.04,18.04,21.12,24.58
0.49,2.98,5.98,8.98,11.99,15.04,18.04,21.12,24.58
0.49,2.98,5.98,8.98,11.99,15.04,18.04,21.12,24.58
0.49,2.98,5.98,8.98,11.99,15.04,18.04,21.12,24.58
0.49,2.98,5.98,8.98,11.99,15.04,18.04,21.12,24.58
0.49,2.98,5.98,8.98,11.99,15.04,18.04,21.12,24.58
0.49,2.98,5.98,8.98,11.99,15.04,18.04,21.12,24.58
0.49,2.98,5.98,8.98,11.99,15.04,18.04,21.12,24.58
0.49,2.98,5.98,8.98,11.99,15.04,18.04,21.12,24.58
0.49,2.98,5.98,8.98,11.99,15.04,18.04,21.12,24.58
0.49,2.98,5.98,8.98,11.99,15.04,18.04,21.12,24.58
0.49,2.98,5.98,8.98,11.99,15.04,18.04,21.12,24.58
0.49,2.98,5.98,8.98,11.99,15.04,18.04,21.12,24.61
0.49,2.98,5.98,8.98,11.99,15.04,18.04,21.12,24.61
0.49,2.98,5.98,8.98,12.01,15.04,18.04,21.12,24.61
0.49,2.98,5.98,8.98,12.01,15.04,18.04,21.12,24.61
0.49,2.98,5.98,8.98,12.01,15.04,18.04,21.12,24.61
0.49,2.98,5.98,8.98,12.01,15.04,18.04,21.12,24.61
0.49,2.98,5.98,8.98,12.01,15.04,18.04,21.12,24.61
0.49,3.0,5.98,8.98,12.01,15.04,18.04,21.12,24.61
0.49,3.0,5.98,8.98,12.01,15.04,18.04,21.12,24.61
0.49,3.0,5.98,8.98,12.01,15.04,18.04,21.12,24.61
0.49,3.0,5.98,8.98,12.01,15.04,18.04,21.12,24.61
0.49,3.0,5.98,8.98,12.01,15.04,18.04,21.12,24.61
0.49,3.0,5.98,8.98,12.01,15.04,18.04,21.12,24.61
0.49,3.0,5.98,8.98,12.01,15.04,18.04,21.12,24.61
0.49,3.0,5.98,8.98,12.01,15.04,18.04,21.12,24.61
0.49,3.0,5.98,8.98,12.01,15.04,18.04,21.12,24.61
0.49,3.0,5.98,8.98,12.01,15.04,18.04,21.12,24.61
0.49,3.0,5.98,8.98,12.01,15.04,18.04,21.12,24.63
0.49,3.0,5.98,8.98,12.01,15.04,18.04,21.12,24.63
0.49,3.0,5.98,8.98,12.01,15.04,18.04,21.12,24.63
0.49,3.0,5.98,8.98,12.01,15.04,18.04,21.12,24.63
0.49,3.0,5.98,8.98,12.01,15.04,18.04,21.12,24.63
0.49,3.0,5.98,8.98,12.01,15.04,18.04,21.12,24.63
0.49,3.0,5.98,8.98,12.01,15.04,18.04,21.12,24.63
0.49,3.0,5.98,8.98,12.01,15.04,18.04,21.12,24.63
0.49,3.0,5.98,8.98,12.01,15.04,18.04,21.12,24.63
0.49,3.0,5.98,8.98,12.01,15.04,18.04,21.12,24.63
0.49,3.0,5.98,8.98,12.01,15.04,18.04,21.12,24.63
0.49,3.0,5.98,8.98,12.01,15.04,18.04,21.12,24.63
0.49,3.0,5.98,8.98,12.01,15.04,18.04,21.12,24.63
0.49,3.0,5.98,8.98,12.01,15.04,18.04,21.12,24.63
0.49,3.0,5.98,8.98,12.01,15.04,18.04,21.12,24.63
0.49,3.0,5.98,8.98,12.01,15.04,18.04,21.12,24.63
0.49,3.0,5.98,8.98,12.01,15.04,18.04,21.12,24.63
0.49,3.0,5.98,8.98,12.01,15.04,18.04,21.12,24.63
0.49,3.0,5.98,8.98,12.01,15.04,18.04,21.12,24.66
0.49,3.0,5.98,8.98,12.01,15.04,18.04,21.12,24.66
0.49,3.0,5.98,8.98,12.01,15.04,18.04,21.12,24.66
0.49,3.0,5.98,8.98,12.01,15.04,18.04,21.12,24.66
0.49,3.0,5.98,8.98,12.01,15.04,18.04,21.12,24.66
0.49,3.0,5.98,8.98,12.01,15.04,18.04,21.12,24.66
0.49,3.0,5.98,8.98,12.01,15.04,18.04,21.12,24.66
0.49,3.0,5.98,8.98,12.01,15.04,18.04,21.12,24.66
0.49,3.0,5.98,8.98,12.01,15.04,18.04,21.12,24.66
0.49,3.0,5.98,8.98,12.01,15.04,18.04,21.12,24.66
0.49,3.0,5.98,8.98,12.01,15.04,18.04,21.12,24.66
0.49,3.0,5.98,8.98,12.01,15.04,18.04,21.12,24.66
0.49,3.0,5.98,8.98,12.01,15.04,18.04,21.12,24.66
0.49,3.0,5.98,8.98,12.01,15.04,18.04,21.12,24.66
0.49,3.0,5.98,8.98,12.01,15.04,18.04,21.12,24.66
0.49,3.0,5.98,8.98,12.01,15.04,18.04,21.12,24.66
0.49,3.0,5.98,8.98,12.01,15.04,18.04,21.12,24.68
0.49,3.0,5.98,8.98,12.01,15.04,18.04,21.12,24.68
0.49,3.0,5.98,8.98,12.01,15.04,18.04,21.12,24.68
0.49,3.0,5.98,8.98,12.01,15.04,18.04,21.12,24.68
0.49,3.0,5.98,8.98,12.01,15.04,18.04,21.12,24.68
0.49,3.0,5.98,8.98,12.01,15.04,18.04,21.12,24.68
0.49,3.0,5.98,8.98,12.01,15.04,18.04,21.12,24.68
0.49,3.0,5.98,8.98,12.01,15.04,18.04,21.12,24.68
0.49,3.0,5.98,8.98,12.01,15.04,18.04,21.12,24.68
0.49,3.0,5.98,8.98,12.01,15.04,18.04,21.12,24.68
0.49,3.0,5.98,8.98,12.01,15.04,18.04,21.12,24.68
0.49,3.0,5.98,8.98,12.01,15.04,18.04,21.12,24.68
0.49,3.0,5.98,8.98,12.01,15.04,18.04,21.12,24.68
0.49,3.0,5.98,8.98,12.01,15.04,18.04,21.12,24.68
0.49,3.0,5.98,8.98,12.01,15.04,18.04,21.12,24.68
0.49,3.0,5.98,8.98,12.01,15.04,18.04,21.12,24.68
0.49,3.0,5.98,8.98,12.01,15.04,18.04,21.12,24.68
0.49,3.0,5.98,8.98,12.01,15.04,18.04,21.12,24.68
0.49,3.0,5.98,8.98,12.01,15.04,18.04,21.12,24.71
0.49,3.0,5.98,8.98,12.01,15.04,18.04,21.12,24.71
0.49,3.0,5.98,8.98,12.01,15.04,18.04,21.12,24.71
0.49,3.0,5.98,8.98,12.01,15.04,18.04,21.12,24.71
0.49,3.0,5.98,8.98,12.01,15.04,18.04,21.12,24.71
0.49,3.0,5.98,8.98,12.01,15.04,18.04,21.12,24.71
0.49,3.0,5.98,8.98,12.01,15.04,18.04,21.12,24.71
0.49,3.0,5.98,8.98,12.01,15.04,18.04,21.12,24.71
0.49,3.0,5.98,8.98,12.01,15.04,18.04,21.12,24.71
0.49,3.0,5.98,8.98,12.01,15.04,18.04,21.12,24.71
0.49,3.0,5.98,8.98,12.01,15.04,18.04,21.12,24.71
0.49,3.0,5.98,8.98,12.01,15.04,18.04,21.12,24.71
0.49,3.0,5.98,8.98,12.01,15.04,18.04,21.12,24.71
0.49,3.0,5.98,8.98,12.01,15.04,18.04,21.12,24.71
0.49,3.0,5.98,8.98,12.01,15.04,18.04,21.12,24.71
0.49,3.0,5.98,8.98,12.01,15.04,18.04,21.12,24.71
0.49,3.0,5.98,8.98,12.01,15.04,18.04,21.12,24.71
0.49,3.0,5.98,8.98,12.01,15.04,18.04,21.12,24.73
0.49,3.0,5.98,8.98,12.01,15.04,18.04,21.12,24.73
0.49,3.0,5.98,8.98,12.01,15.04,18.04,21.12,24.73
0.49,3.0,5.98,8.98,12.01,15.04,18.04,21.12,24.73
0.49,3.0,5.98,8.98,12.01,15.04,18.04,21.12,24.73
0.49,3.0,5.98,8.98,12.01,15.04,18.04,21.12,24.73
0.49,3.0,5.98,8.98,12.01,15.04,18.04,21.12,24.73
0.49,3.0,5.98,8.98,12.01,15.04,18.04,21.12,24.73
0.49,3.0,5.98,8.98,12.01,15.04,18.04,21.12,24.73
0.49,3.0,5.98,8.98,12.01,15.04,18.04,21.12,24.73
0.49,3.0,5.98,8.98,12.01,15.04,18.04,21.12,24.73
0.49,3.0,5.98,8.98,12.01,15.04,18.04,21.12,24.73
0.49,3.0,5.98,8.98,12.01,15.04,18.04,21.12,24.73
0.49,3.0,5.98,8.98,12.01,15.04,18.04,21.12,24.73
0.49,3.0,5.98,8.98,12.01,15.04,18.04,21.12,24.73
0.49,3.0,5.98,8.98,12.01,15.04,18.04,21.12,24.73
0.49,3.0,5.98,8.98,12.01,15.04,18.04,21.12,24.73
0.49,3.0,5.98,8.98,12.01,15.04,18.04,21.12,24.73
0.49,3.0,5.98,8.98,12.01,15.04,18.04,21.12,24.73
0.49,3.0,5.98,8.98,12.01,15.04,18.04,21.12,24.76
0.49,3.0,5.98,8.98,12.01,15.04,18.04,21.12,24.76
0.49,3.0,5.98,8.98,12.01,15.04,18.07,21.12,24.76
0.49,3.0,5.98,8.98,12.01,15.04,18.07,21.12,24.76
0.49,3.0,5.98,8.98,12.01,15.04,18.07,21.12,24.76
0.49,3.0,5.98,8.98,12.01,15.04,18.07,21.12,24.76
0.49,3.0,5.98,8.98,12.01,15.04,18.07,21.12,24.76
0.49,3.0,5.98,8.98,12.01,15.04,18.07,21.12,24.76
0.49,3.0,5.98,8.98,12.01,15.04,18.07,21.12,24.76
0.49,3.0,5.98,8.98,12.01,15.04,18.07,21.12,24.76
0.49,3.0,5.98,8.98,12.01,15.04,18.07,21.12,24.76
0.49,3.0,5.98,8.98,12.01,15.04,18.07,21.12,24.76
0.49,3.0,5.98,8.98,12.01,15.04,18.07,21.14,24.76
0.49,3.0,5.98,8.98,12.01,15.04,18.07,21.14,24.76
0.49,3.0,5.98,8.98,12.01,15.04,18.07,21.14,24.76
0.49,3.0,5.98,8.98,12.01,15.04,18.07,21.14,24.76
0.49,3.0,5.98,8.98,12.01,15.04,18.07,21.14,24.76
0.49,3.0,5.98,8.98,12.01,15.04,18.07,21.14,24.76
0.49,3.0,5.98,8.98,12.01,15.04,18.07,21.14,24.76
0.49,3.0,5.98,8.98,12.01,15.04,18.07,21.14,24.76
0.49,3.0,5.98,8.98,12.01,15.04,18.07,21.14,24.78
0.49,3.0,5.98,8.98,12.01,15.04,18.07,21.14,24.78
0.49,3.0,5.98,8.98,12.01,15.04,18.07,21.14,24.78
0.49,3.0,5.98,8.98,12.01,15.04,18.07,21.14,24.78
0.49,3.0,5.98,8.98,12.01,15.04,18.07,21.14,24.78
0.49,3.0,5.98,8.98,12.01,15.04,18.07,21.14,24.78
0.49,3.0,5.98,8.98,12.01,15.04,18.07,21.14,24.78
0.49,3.0,5.98,8.98,12.01,15.04,18.07,21.14,24.78
0.49,3.0,5.98,8.98,12.01,15.04,18.07,21.14,24.78
0.49,3.0,5.98,8.98,12.01,15.04,18.07,21.14,24.78
0.49,3.0,5.98,8.98,12.01,15.04,18.07,21.14,24.78
0.49,3.0,5.98,8.98,12.01,15.04,18.07,21.14,24.78
0.49,3.0,5.98,8.98,12.01,15.04,18.07,21.14,24.78
0.49,3.0,5.98,8.98,12.01,15.04,18.07,21.14,24.78
0.49,3.0,5.98,8.98,12.01,15.04,18.07,21.14,24.78
0.49,3.0,5.98,8.98,12.01,15.04,18.07,21.14,24.78
0.49,3.0,5.98,8.98,12.01,15.04,18.07,21.14,24.78
0.49,3.0,5.98,8.98,12.01,15.04,18.07,21.14,24.8
0.49,3.0,5.98,8.98,12.01,15.04,18.07,21.14,24.8
0.49,3.0,5.98,8.98,12.01,15.04,18.07,21.14,24.8
0.49,3.0,6.01,8.98,12.01,15.04,18.07,21.14,24.8
0.49,3.0,6.01,8.98,12.01,15.04,18.07,21.14,24.8
0.49,3.0,6.01,8.98,12.01,15.04,18.07,21.14,24.8
0.49,3.0,6.01,8.98,12.01,15.04,18.07,21.14,24.8
0.49,3.0,6.01,8.98,12.01,15.04,18.07,21.14,24.8
0.49,3.0,6.01,8.98,12.01,15.04,18.07,21.14,24.8
0.49,3.0,6.01,8.98,12.01,15.04,18.07,21.14,24.8
0.49,3.0,6.01,8.98,12.01,15.06,18.07,21.14,24.8
0.49,3.0,6.01,8.98,12.01,15.06,18.07,21.14,24.8
0.49,3.0,6.01,8.98,12.01,15.06,18.07,21.14,24.8
0.49,3.0,6.01,8.98,12.01,15.06,18.07,21.14,24.8
0.49,3.0,6.01,8.98,12.01,15.06,18.07,21.14,24.8
0.49,3.0,6.01,8.98,12.01,15.06,18.07,21.14,24.8
0.49,3.0,6.01,8.98,12.01,15.06,18.07,21.14,24.8
0.49,3.0,6.01,8.98,12.01,15.06,18.07,21.14,24.8
0.49,3.0,6.01,8.98,12.01,15.06,18.07,21.14,24.8
0.49,3.0,6.01,8.98,12.01,15.06,18.07,21.14,24.8
0.49,3.0,6.01,8.98,12.01,15.06,18.07,21.14,24.83
0.49,3.0,6.01,8.98,12.01,15.06,18.07,21.14,24.83
0.49,3.0,6.01,8.98,12.01,15.06,18.07,21.14,24.83
0.49,3.0,6.01,8.98,12.01,15.06,18.07,21.14,24.83
0.49,3.0,6.01,8.98,12.01,15.06,18.07,21.14,24.83
0.49,3.0,6.01,8.98,12.01,15.06,18.07,21.14,24.83
0.49,3.03,6.01,8.98,12.01,15.06,18.07,21.14,24.83
0.49,3.03,6.01,9.01,12.01,15.06,18.07,21.14,24.83
0.49,3.03,6.01,9.01,12.01,15.06,18.07,21.14,24.83
0.49,3.03,6.01,9.01,12.01,15.06,18.07,21.14,24.83
0.49,3.03,6.01,9.01,12.01,15.06,18.07,21.14,24.83
0.49,3.03,6.01,9.01,12.01,15.06,18.07,21.14,24.83
0.49,3.03,6.01,9.01,12.01,15.06,18.07,21.14,24.83
0.49,3.03,6.01,9.01,12.01,15.06,18.07,21.14,24.83
0.49,3.03,6.01,9.01,12.01,15.06,18.07,21.14,24.83
0.49,3.03,6.01,9.01,12.01,15.06,18.07,21.14,24.83
0.49,3.03,6.01,9.01,12.01,15.06,18.07,21.14,24.83
0.49,3.03,6.01,9.01,12.01,15.06,18.07,21.14,24.83
0.49,3.03,6.01,9.01,12.01,15.06,18.07,21.14,24.83
0.49,3.03,6.01,9.01,12.01,15.06,18.07,21.14,24.83
0.49,3.03,6.01,9.01,12.01,15.06,18.07,21.14,24.83
0.49,3.03,6.01,9.01,12.04,15.06,18.07,21.14,24.83
0.49,3.03,6.01,9.01,12.04,15.06,18.07,21.14,24.85
0.49,3.03,6.01,9.01,12.04,15.06,18.07,21.14,24.85
0.49,3.03,6.01,9.01,12.04,15.06,18.07,21.14,24.85
0.49,3.03,6.01,9.01,12.04,15.06,18.07,21.14,24.85
0.49,3.03,6.01,9.01,12.04,15.06,18.07,21.14,24.85
0.49,3.03,6.01,9.01,12.04,15.06,18.07,21.14,24.85
0.49,3.03,6.01,9.01,12.04,15.06,18.07,21.14,24.85
0.49,3.03,6.01,9.01,12.04,15.06,18.07,21.14,24.85
0.49,3.03,6.01,9.01,12.04,15.06,18.07,21.14,24.85
0.49,3.03,6.01,9.01,12.04,15.06,18.07,21.14,24.85
0.49,3.03,6.01,9.01,12.04,15.06,18.07,21.14,24.85
0.49,3.03,6.01,9.01,12.04,15.06,18.07,21.14,24.85
0.49,3.03,6.01,9.01,12.04,15.06,18.07,21.14,24.85
0.49,3.03,6.01,9.01,12.04,15.06,18.07,21.14,24.85
0.49,3.03,6.01,9.01,12.04,15.06,18.07,21.14,24.85
0.49,3.03,6.01,9.01,12.04,15.06,18.07,21.14,24.88
0.49,3.03,6.01,9.01,12.04,15.06,18.07,21.14,24.88
0.49,3.03,6.01,9.01,12.04,15.06,18.07,21.14,24.88
0.49,3.03,6.01,9.01,12.04,15.06,18.07,21.14,24.88
0.49,3.03,6.01,9.01,12.04,15.06,18.07,21.14,24.88
0.49,3.03,6.01,9.01,12.04,15.06,18.07,21.14,24.88
0.51,3.03,6.01,9.01,12.04,15.06,18.07,21.14,24.88
0.51,3.03,6.01,9.01,12.04,15.06,18.07,21.14,24.88
0.51,3.03,6.01,9.01,12.04,15.06,18.07,21.14,24.88
0.51,3.03,6.01,9.01,12.04,15.06,18.07,21.14,24.88
0.51,3.03,6.01,9.01,12.04,15.06,18.07,21.14,24.88
0.51,3.03,6.01,9.01,12.04,15.06,18.07,21.14,24.88
0.51,3.03,6.01,9.01,12.04,15.06,18.07,21.14,24.88
0.51,3.03,6.01,9.01,12.04,15.06,18.07,21.14,24.88
0.51,3.03,6.01,9.01,12.04,15.06,18.07,21.14,24.88
0.51,3.03,6.01,9.01,12.04,15.06,18.07,21.14,24.88
0.51,3.03,6.01,9.01,12.04,15.06,18.07,21.14,24.9
0.51,3.03,6.01,9.01,12.04,15.06,18.07,21.14,24.9
0.51,3.03,6.01,9.01,12.04,15.09,18.07,21.14,24.9
0.51,3.03,6.01,9.01,12.04,15.09,18.07,21.14,24.9
0.51,3.03,6.01,9.01,12.04,15.09,18.07,21.14,24.9
0.51,3.03,6.01,9.01,12.04,15.09,18.07,21.14,24.9
0.51,3.03,6.01,9.01,12.04,15.09,18.07,21.14,24.9
0.51,3.03,6.01,9.01,12.04,15.09,18.07,21.14,24.9
0.51,3.03,6.01,9.01,12.04,15.09,18.07,21.14,24.9
0.51,3.03,6.01,9.01,12.04,15.09,18.07,21.14,24.9
0.51,3.03,6.01,9.01,12.04,15.09,18.07,21.14,24.9
0.51,3.03,6.01,9.01,12.04,15.09,18.07,21.14,24.9
0.51,3.03,6.01,9.01,12.04,15.09,18.07,21.14,24.93
0.51,3.03,6.01,9.01,12.04,15.09,18.07,21.14,24.93
0.51,3.03,6.01,9.01,12.04,15.09,18.07,21.14,24.93
0.51,3.03,6.01,9.01,12.04,15.09,18.07,21.14,24.93
0.51,3.03,6.01,9.01,12.04,15.09,18.07,21.14,24.93
0.51,3.03,6.01,9.01,12.04,15.09,18.09,21.17,24.93
0.51,3.03,6.01,9.01,12.04,15.09,18.09,21.17,24.93
0.51,3.03,6.01,9.01,12.04,15.09,18.09,21.17,24.93
0.51,3.03,6.01,9.01,12.04,15.09,18.09,21.17,24.93
0.51,3.03,6.01,9.01,12.04,15.09,18.09,21.17,24.93
0.51,3.03,6.01,9.01,12.04,15.09,18.09,21.17,24.93
0.51,3.03,6.01,9.01,12.04,15.09,18.09,21.17,24.93
0.51,3.03,6.03,9.01,12.04,15.09,18.09,21.17,24.93
0.51,3.03,6.03,9.01,12.04,15.09,18.09,21.17,24.95
0.51,3.03,6.03,9.01,12.04,15.09,18.09,21.17,24.95
0.51,3.03,6.03,9.01,12.04,15.09,18.09,21.17,24.95
0.51,3.03,6.03,9.01,12.04,15.09,18.09,21.17,24.95
0.51,3.03,6.03,9.01,12.04,15.09,18.09,21.17,24.95
0.51,3.03,6.03,9.01,12.04,15.09,18.09,21.17,24.95
0.51,3.03,6.03,9.01,12.04,15.09,18.09,21.17,24.95
0.51,3.03,6.03,9.01,12.04,15.09,18.09,21.17,24.95
0.51,3.03,6.03,9.01,12.04,15.09,18.09,21.17,24.95
0.51,3.03,6.03,9.01,12.04,15.09,18.09,21.17,24.95
0.51,3.03,6.03,9.01,12.04,15.09,18.09,21.17,24.95
0.51,3.03,6.03,9.01,12.04,15.09,18.09,21.17,24.95
0.51,3.03,6.03,9.01,12.04,15.09,18.09,21.17,24.95
0.51,3.03,6.03,9.01,12.04,15.09,18.09,21.17,24.95
0.51,3.03,6.03,9.01,12.04,15.09,18.09,21.17,24.95
0.51,3.03,6.03,9.01,12.04,15.09,18.09,21.17,24.95
0.51,3.03,6.03,9.01,12.04,15.09,18.09,21.17,24.95
0.51,3.03,6.03,9.01,12.04,15.09,18.09,21.17,24.95
0.51,3.03,6.03,9.01,12.04,15.09,18.09,21.17,24.95
0.51,3.03,6.03,9.01,12.04,15.09,18.09,21.17,24.95
0.51,3.03,6.03,9.01,12.04,15.09,18.09,21.17,24.95
0.51,3.03,6.03,9.01,12.04,15.09,18.09,21.17,24.95
0.51,3.03,6.03,9.01,12.04,15.09,18.09,21.17,24.98
0.51,3.03,6.03,9.01,12.04,15.09,18.09,21.17,24.98
0.51,3.03,6.03,9.01,12.04,15.09,18.09,21.17,24.98
0.51,3.03,6.03,9.01,12.04,15.09,18.09,21.17,24.98
0.51,3.03,6.03,9.01,12.04,15.09,18.09,21.17,24.98
0.51,3.03,6.03,9.01,12.04,15.09,18.09,21.17,24.98
0.51,3.03,6.03,9.03,12.04,15.09,18.09,21.17,24.98
0.51,3.03,6.03,9.03,12.04,15.09,18.09,21.17,24.98
0.51,3.05,6.03,9.03,12.04,15.09,18.09,21.17,24.98
0.51,3.05,6.03,9.03,12.04,15.09,18.09,21.17,24.98
0.51,3.05,6.03,9.03,12.04,15.09,18.09,21.17,24.98
0.51,3.05,6.03,9.03,12.04,15.09,18.09,21.17,24.98
0.51,3.05,6.03,9.03,12.06,15.09,18.09,21.17,24.98
0.51,3.05,6.03,9.03,12.06,15.09,18.09,21.17,24.98
0.51,3.05,6.03,9.03,12.06,15.09,18.09,21.17,24.98
0.51,3.05,6.03,9.03,12.06,15.09,18.09,21.17,24.98
0.51,3.05,6.03,9.03,12.06,15.09,18.09,21.17,24.98
0.51,3.05,6.03,9.03,12.06,15.09,18.09,21.17,24.98
0.51,3.05,6.03,9.03,12.06,15.09,18.09,21.17,24.98
0.51,3.05,6.03,9.03,12.06,15.09,18.09,21.17,24.98
0.51,3.05,6.03,9.03,12.06,15.09,18.09,21.17,24.98
0.51,3.05,6.03,9.03,12.06,15.09,18.09,21.17,24.98
0.51,3.05,6.03,9.03,12.06,15.09,18.09,21.17,24.98
0.51,3.05,6.03,9.03,12.06,15.09,18.09,21.17,24.98
0.51,3.05,6.03,9.03,12.06,15.09,18.09,21.17,24.98
0.51,3.05,6.03,9.03,12.06,15.09,18.09,21.17,24.98
0.51,3.05,6.03,9.03,12.06,15.11,18.09,21.17,24.98
0.51,3.05,6.03,9.03,12.06,15.11,18.09,21.17,24.98
0.51,3.05,6.03,9.03,12.06,15.11,18.09,21.17,24.98
0.51,3.05,6.03,9.03,12.06,15.11,18.09,21.17,24.98
0.51,3.05,6.03,9.03,12.06,15.11,18.09,21.17,24.98
0.51,3.05,6.03,9.03,12.06,15.11,18.09,21.17,24.98
0.51,3.05,6.03,9.03,12.06,15.11,18.09,21.19,24.98
0.54,3.05,6.03,9.03,12.06,15.11,18.09,21.19,24.98
0.54,3.05,6.03,9.03,12.06,15.11,18.09,21.19,24.98
0.54,3.05,6.03,9.03,12.06,15.11,18.09,21.19,24.98
0.54,3.05,6.03,9.03,12.06,15.11,18.09,21.19,24.98
0.54,3.05,6.03,9.03,12.06,15.11,18.09,21.19,24.98
0.54,3.05,6.03,9.03,12.06,15.11,18.09,21.19,24.98
0.54,3.05,6.03,9.03,12.06,15.11,18.09,21.19,24.98
0.54,3.05,6.03,9.03,12.06,15.11,18.09,21.19,24.98
0.54,3.05,6.03,9.03,12.06,15.11,18.09,21.19,24.98
0.54,3.05,6.03,9.03,12.06,15.11,18.09,21.19,24.98
0.54,3.05,6.03,9.03,12.06,15.11,18.09,21.19,24.98
0.54,3.05,6.03,9.03,12.06,15.11,18.09,21.19,24.98
0.54,3.05,6.03,9.03,12.06,15.11,18.09,21.19,24.98
0.54,3.05,6.03,9.03,12.06,15.11,18.09,21.19,24.98
0.54,3.05,6.03,9.03,12.06,15.11,18.09,21.19,24.98
0.54,3.05,6.03,9.03,12.06,15.11,18.12,21.19,24.98
0.54,3.05,6.03,9.03,12.06,15.11,18.12,21.19,24.98
0.54,3.05,6.03,9.03,12.06,15.11,18.12,21.19,24.98
0.54,3.05,6.03,9.03,12.06,15.11,18.12,21.19,24.98
0.54,3.05,6.03,9.03,12.06,15.11,18.12,21.19,24.98
0.54,3.05,6.03,9.03,12.06,15.11,18.12,21.19,24.98
0.54,3.05,6.03,9.03,12.06,15.11,18.12,21.19,24.98
0.54,3.05,6.03,9.03,12.06,15.11,18.12,21.19,24.98
0.54,3.05,6.03,9.03,12.06,15.11,18.12,21.19,24.98
0.54,3.05,6.03,9.03,12.06,15.11,18.12,21.19,24.98
0.54,3.05,6.03,9.03,12.06,15.11,18.12,21.19,24.98
0.54,3.05,6.03,9.03,12.06,15.11,18.12,21.19,24.98
0.54,3.05,6.05,9.03,12.06,15.11,18.12,21.19,24.98
0.54,3.05,6.05,9.03,12.06,15.11,18.12,21.19,24.98
0.54,3.05,6.05,9.03,12.06,15.11,18.12,21.19,24.98
0.54,3.05,6.05,9.03,12.06,15.11,18.12,21.19,24.98
0.54,3.05,6.05,9.03,12.06,15.11,18.12,21.19,24.98
0.54,3.05,6.05,9.06,12.06,15.11,18.12,21.19,24.98
0.54,3.05,6.05,9.06,12.06,15.11,18.12,21.19,24.98
0.54,3.05,6.05,9.06,12.06,15.11,18.12,21.19,24.98
0.54,3.05,6.05,9.06,12.06,15.11,18.12,21.19,24.98
0.54,3.05,6.05,9.06,12.08,15.11,18.12,21.19,24.98
0.54,3.05,6.05,9.06,12.08,15.11,18.12,21.19,24.98
0.54,3.05,6.05,9.06,12.08,15.11,18.12,21.19,24.98
0.54,3.05,6.05,9.06,12.08,15.11,18.12,21.19,24.98
0.54,3.05,6.05,9.06,12.08,15.11,18.12,21.19,24.98
0.54,3.05,6.05,9.06,12.08,15.11,18.12,21.19,24.98
0.54,3.05,6.05,9.06,12.08,15.11,18.12,21.19,24.98
0.54,3.08,6.05,9.06,12.08,15.11,18.12,21.19,24.98
0.54,3.08,6.05,9.06,12.08,15.11,18.12,21.19,24.98
0.54,3.08,6.05,9.06,12.08,15.11,18.12,21.19,24.98
0.54,3.08,6.05,9.06,12.08,15.11,18.12,21.19,24.98
0.54,3.08,6.05,9.06,12.08,15.11,18.12,21.19,24.98
0.54,3.08,6.05,9.06,12.08,15.11,18.12,21.19,24.98
0.54,3.08,6.05,9.06,12.08,15.11,18.12,21.19,24.98
0.54,3.08,6.05,9.06,12.08,15.11,18.12,21.22,24.98
0.54,3.08,6.05,9.06,12.08,15.11,18.12,21.22,24.98
0.54,3.08,6.05,9.06,12.08,15.11,18.12,21.22,24.98
0.54,3.08,6.05,9.06,12.08,15.11,18.12,21.22,24.98
0.54,3.08,6.05,9.06,12.08,15.11,18.12,21.22,24.98
0.54,3.08,6.05,9.06,12.08,15.11,18.12,21.22,24.98
0.54,3.08,6.05,9.06,12.08,15.11,18.12,21.22,24.98
0.54,3.08,6.05,9.06,12.08,15.11,18.12,21.22,24.98
0.54,3.08,6.05,9.06,12.08,15.11,18.12,21.22,24.98
0.54,3.08,6.05,9.06,12.08,15.11,18.12,21.22,24.98
0.54,3.08,6.05,9.06,12.08,15.11,18.12,21.22,24.98
0.54,3.08,6.05,9.06,12.08,15.11,18.12,21.22,24.98
0.54,3.08,6.05,9.06,12.08,15.11,18.12,21.22,24.98
0.54,3.08,6.05,9.06,12.08,15.11,18.12,21.22,24.98
0.54,3.08,6.05,9.06,12.08,15.14,18.12,21.22,24.98
0.54,3.08,6.05,9.06,12.08,15.14,18.12,21.22,24.98
0.54,3.08,6.05,9.06,12.08,15.14,18.12,21.22,24.98
0.54,3.08,6.05,9.06,12.08,15.14,18.12,21.22,24.98
0.54,3.08,6.05,9.06,12.08,15.14,18.14,21.22,24.98
0.54,3.08,6.05,9.06,12.08,15.14,18.14,21.22,24.98
0.54,3.08,6.05,9.06,12.08,15.14,18.14,21.22,24.98
0.54,3.08,6.05,9.06,12.08,15.14,18.14,21.22,24.98
0.54,3.08,6.05,9.06,12.08,15.14,18.14,21.22,24.98
0.54,3.08,6.05,9.06,12.08,15.14,18.14,21.22,24.98
0.54,3.08,6.05,9.06,12.08,15.14,18.14,21.22,24.98
0.54,3.08,6.05,9.06,12.08,15.14,18.14,21.22,24.98
0.54,3.08,6.05,9.06,12.08,15.14,18.14,21.22,24.98
0.54,3.08,6.05,9.06,12.08,15.14,18.14,21.22,24.98
0.54,3.08,6.05,9.06,12.08,15.14,18.14,21.22,24.98
0.54,3.08,6.05,9.06,12.08,15.14,18.14,21.22,24.98
0.54,3.08,6.05,9.06,12.08,15.14,18.14,21.22,24.98
0.54,3.08,6.05,9.06,12.08,15.14,18.14,21.22,24.98
0.54,3.08,6.05,9.06,12.08,15.14,18.14,21.22,24.98
0.54,3.08,6.05,9.06,12.08,15.14,18.14,21.22,24.98
0.54,3.08,6.05,9.06,12.08,15.14,18.14,21.22,24.98
0.56,3.08,6.05,9.06,12.08,15.14,18.14,21.22,24.98
0.56,3.08,6.05,9.06,12.08,15.14,18.14,21.22,24.98
0.56,3.08,6.05,9.06,12.08,15.14,18.14,21.22,24.98
0.56,3.08,6.05,9.06,12.08,15.14,18.14,21.22,24.98
0.56,3.08,6.05,9.06,12.08,15.14,18.14,21.22,24.98
0.56,3.08,6.05,9.06,12.08,15.14,18.14,21.22,24.98
0.56,3.08,6.08,9.06,12.08,15.14,18.14,21.22,24.98
0.56,3.08,6.08,9.06,12.08,15.14,18.14,21.22,24.98
0.56,3.08,6.08,9.06,12.08,15.14,18.14,21.22,24.98
0.56,3.08,6.08,9.06,12.08,15.14,18.14,21.22,24.98
0.56,3.08,6.08,9.06,12.08,15.14,18.14,21.22,24.98
0.56,3.1,6.08,9.06,12.08,15.14,18.14,21.22,24.98
0.56,3.1,6.08,9.06,12.08,15.14,18.14,21.22,24.98
0.56,3.1,6.08,9.06,12.08,15.14,18.14,21.22,24.98
0.56,3.1,6.08,9.06,12.08,15.14,18.14,21.22,24.98
0.56,3.1,6.08,9.06,12.08,15.14,18.14,21.22,24.98
0.56,3.1,6.08,9.06,12.08,15.14,18.14,21.22,24.98
0.56,3.1,6.08,9.06,12.08,15.14,18.14,21.22,24.98
0.56,3.1,6.08,9.08,12.11,15.14,18.14,21.22,24.98
0.56,3.1,6.08,9.08,12.11,15.14,18.14,21.24,24.98
0.56,3.1,6.08,9.08,12.11,15.14,18.14,21.24,24.98
0.56,3.1,6.08,9.08,12.11,15.16,18.16,21.24,24.98
0.56,3.1,6.08,9.08,12.11,15.16,18.16,21.24,24.98
0.56,3.1,6.08,9.08,12.11,15.16,18.16,21.24,24.98
0.56,3.1,6.08,9.08,12.11,15.16,18.16,21.24,24.98
0.56,3.1,6.08,9.08,12.11,15.16,18.16,21.24,24.98
0.56,3.1,6.08,9.08,12.11,15.16,18.16,21.24,24.98
0.56,3.1,6.08,9.08,12.11,15.16,18.16,21.24,24.98
0.56,3.1,6.08,9.08,12.11,15.16,18.16,21.24,24.98
0.56,3.1,6.08,9.08,12.11,15.16,18.16,21.24,24.98
0.56,3.1,6.08,9.08,12.11,15.16,18.16,21.24,24.98
0.56,3.1,6.08,9.08,12.11,15.16,18.16,21.24,24.98
0.56,3.1,6.08,9.08,12.11,15.16,18.16,21.24,24.98
0.56,3.1,6.08,9.08,12.11,15.16,18.16,21.24,24.98
0.56,3.1,6.08,9.08,12.11,15.16,18.16,21.24,24.98
0.56,3.1,6.08,9.08,12.11,15.16,18.16,21.24,24.98
0.56,3.1,6.08,9.08,12.11,15.16,18.16,21.24,24.98
0.56,3.1,6.08,9.08,12.11,15.16,18.16,21.24,24.98
0.56,3.1,6.08,9.08,12.11,15.16,18.16,21.24,24.98
0.56,3.1,6.08,9.08,12.11,15.16,18.16,21.24,24.98
0.56,3.1,6.08,9.08,12.11,15.16,18.16,21.24,24.98
0.56,3.1,6.08,9.08,12.11,15.16,18.16,21.24,24.98
0.56,3.1,6.08,9.08,12.11,15.16,18.16,21.24,24.98
0.56,3.1,6.08,9.08,12.11,15.16,18.16,21.24,24.98
0.56,3.1,6.1,9.08,12.11,15.16,18.16,21.24,24.98
0.56,3.1,6.1,9.08,12.11,15.16,18.16,21.24,24.98
0.56,3.1,6.1,9.08,12.11,15.16,18.16,21.24,24.98
0.56,3.1,6.1,9.08,12.11,15.16,18.16,21.24,24.98
0.59,3.1,6.1,9.08,12.11,15.16,18.16,21.24,24.98
0.59,3.1,6.1,9.08,12.11,15.16,18.16,21.24,24.98
0.59,3.1,6.1,9.08,12.11,15.16,18.16,21.24,24.98
0.59,3.1,6.1,9.08,12.11,15.16,18.16,21.26,24.98
0.59,3.1,6.1,9.08,12.13,15.19,18.16,21.26,24.98
0.59,3.1,6.1,9.08,12.13,15.19,18.19,21.26,24.98
0.59,3.1,6.1,9.08,12.13,15.19,18.19,21.26,24.98
0.59,3.1,6.1,9.11,12.13,15.19,18.19,21.26,24.98
0.59,3.1,6.1,9.11,12.13,15.19,18.19,21.26,24.98
0.59,3.1,6.1,9.11,12.13,15.19,18.19,21.26,24.98
0.59,3.1,6.1,9.11,12.13,15.19,18.19,21.26,24.98
0.59,3.1,6.1,9.11,12.13,15.19,18.19,21.26,24.98
0.59,3.1,6.1,9.11,12.13,15.19,18.19,21.26,24.98
0.59,3.1,6.1,9.11,12.13,15.19,18.19,21.26,24.98
0.59,3.1,6.1,9.11,12.13,15.19,18.19,21.26,24.98
0.59,3.13,6.1,9.11,12.13,15.19,18.19,21.26,24.98
0.59,3.13,6.1,9.11,12.13,15.19,18.19,21.26,24.98
0.59,3.13,6.1,9.11,12.13,15.19,18.19,21.26,24.98
0.61,3.13,6.1,9.11,12.13,15.19,18.19,21.26,24.98
0.61,3.13,6.1,9.11,12.13,15.19,18.19,21.26,24.98
0.61,3.13,6.1,9.11,12.13,15.19,18.19,21.26,24.98
0.61,3.13,6.1,9.11,12.13,15.19,18.19,21.26,24.98
0.61,3.13,6.1,9.11,12.13,15.21,18.19,21.26,24.98
0.61,3.13,6.1,9.11,12.13,15.21,18.19,21.26,24.98
0.61,3.13,6.1,9.11,12.13,15.21,18.19,21.26,24.98
0.61,3.13,6.1,9.11,12.16,15.21,18.19,21.26,24.98
0.61,3.13,6.1,9.11,12.16,15.21,18.19,21.26,24.98
0.61,3.13,6.1,9.11,12.16,15.21,18.19,21.29,24.98
0.61,3.13,6.1,9.11,12.16,15.21,18.19,21.29,24.98
0.61,3.13,6.1,9.11,12.16,15.21,18.19,21.29,24.98
0.61,3.13,6.1,9.11,12.16,15.21,18.19,21.29,24.98
0.61,3.13,6.1,9.11,12.16,15.21,18.19,21.29,24.98
0.61,3.15,6.1,9.11,12.16,15.21,18.21,21.29,24.98
0.61,3.15,6.13,9.11,12.16,15.21,18.21,21.29,24.98
0.61,3.15,6.13,9.11,12.16,15.21,18.21,21.29,24.98
0.61,3.15,6.13,9.11,12.16,15.21,18.21,21.29,24.98
0.61,3.15,6.13,9.13,12.16,15.21,18.21,21.29,24.98
0.61,3.15,6.13,9.13,12.16,15.21,18.21,21.29,24.98
0.61,3.15,6.13,9.13,12.16,15.21,18.21,21.29,24.98
0.61,3.15,6.13,9.13,12.16,15.21,18.21,21.29,24.98
0.61,3.15,6.13,9.13,12.16,15.21,18.21,21.29,24.98
0.61,3.15,6.13,9.13,12.16,15.21,18.21,21.31,24.98
0.61,3.15,6.13,9.13,12.16,15.21,18.21,21.31,24.98
0.63,3.15,6.13,9.13,12.16,15.21,18.24,21.31,24.98
0.63,3.15,6.13,9.13,12.16,15.23,18.24,21.31,24.98
0.63,3.15,6.13,9.13,12.16,15.23,18.24,21.31,24.98
0.63,3.15,6.13,9.13,12.18,15.23,18.24,21.31,24.98
0.63,3.15,6.13,9.13,12.18,15.23,18.24,21.31,24.98
0.63,3.17,6.13,9.13,12.18,15.23,18.24,21.31,24.98
0.63,3.17,6.15,9.16,12.18,15.23,18.24,21.31,24.98
0.66,3.17,6.15,9.16,12.18,15.23,18.24,21.31,24.98
0.66,3.17,6.15,9.16,12.18,15.23,18.24,21.31,24.98
0.66,3.17,6.15,9.16,12.18,15.23,18.24,21.31,24.98
0.66,3.17,6.15,9.16,12.18,15.23,18.24,21.34,24.98
0.66,3.2,6.15,9.16,12.18,15.23,18.24,21.34,24.98
0.66,3.2,6.18,9.18,12.18,15.23,18.24,21.34,24.98
0.66,3.22,6.2,9.2,12.18,15.23,18.24,21.39,24.98
0.66,3.22,6.23,9.2,12.21,15.26,18.31,21.39,24.98
0.68,3.22,6.23,9.2,12.23,15.31,18.31,21.39,24.98
0.68,3.27,6.25,9.2,12.26,15.33,18.43,21.46,24.98
